instrument_key,exchange_token,"SYMBOL 
",name,last_price
NSE_EQ|INE378D01032,13668,MADHUCON,MADHUCON PROJECTS LTD.,10.91
NSE_EQ|INE911B01018,8722,TCIFINANCE,TCIFINANCELTD-ROLL SETT,11.04
NSE_EQ|INE662A01027,3357,SUPERSPIN,SUPER SPINNING MILLS LTD,11.08
NSE_EQ|INE835A01029,3646,VARDMNPOLY,VARDHMAN POLYTEX LTD.,11.11
NSE_EQ|INE251H01024,13229,GVKPIL,GVK POW. & INFRA LTD.,11.15
NSE_EQ|INE998H01012,14346,ORIENTALTL,ORIENTAL TRIMEX LTD,11.21
NSE_EQ|INE648Z01023,1465,ACCURACY,ACCURACY SHIPPING LIMITED,11.34
NSE_EQ|INE937C01029,9253,NILAINFRA,NILA INFRASTRUCTURES LTD,11.35
NSE_EQ|INE141D01018,9884,TNTELE,TAMILNADU TELECOMMUNICATI,11.35
NSE_EQ|INE965B01022,12809,HYBRIDFIN,HYBRID FINANCIAL SERVICE,11.56
NSE_EQ|INE964W01021,16738,MKPL,M K PROTEINS LIMITED,11.89
NSE_EQ|INE694A01020,8893,UNITECH,UNITECH LIMITED,11.9
NSE_EQ|INE369C01017,4160,NORBTEAEXP,NORBEN TEA & EXPORTS LTD,11.97
NSE_EQ|INE043A01012,4821,GTL,GTL LTD,11.99
NSE_EQ|INE759V01019,19209,HEADSUP,HEADS UP VENTURES LIMITED,12.01
NSE_EQ|INE413B01023,4566,RUCHINFRA,RUCHI INFRASTRUCTURE LTD,12.08
NSE_EQ|INE230R01035,10300,RAMASTEEL,RAMA STEEL TUBES LIMITED,12.16
NSE_EQ|INE600A01035,30835,PILITA,PIL ITALICA LIFESTYLE LTD,12.28
NSE_EQ|INE087Z01024,235,AAKASH,AAKASH EXPLORATION SER L,12.66
NSE_EQ|INE312C01025,11992,SYNCOMF,SYNCOM FORMU (I) LTD,12.7
NSE_EQ|INE454M01024,17295,NAGAFERT,NAGARJUN FERT AND CHE LTD,12.86
NSE_EQ|INE747K01017,18831,TARAPUR,TARAPUR TRANSFORMERS LTD,12.87
NSE_EQ|INE503B01021,21339,STEELXIND,STEEL EXCHANGE INDIA LTD,13.13
NSE_EQ|INE059901020,13303,IEL,INDIABULLS ENT LTD,13.25
NSE_EQ|INE982V01025,7211,JETFREIGHT,JET FREIGHT LOGISTICS LTD,13.65
NSE_EQ|INE781B01015,11214,NOIDATOLL,NOIDA TOLL BRIDGE CO LTD,13.71
NSE_EQ|INE022C01012,8886,EUROTEXIND,EUROTEX IND & EXPORTS LTD,13.88
NSE_EQ|INE236Y20038,24043,NGIL-RE2,NAKODA GROUP OF IND LTD,13.98
NSE_EQ|INE382T01030,10866,GVPTECH,GVP INFOTECH LIMITED,14.11
NSE_EQ|INE195Y01010,11520,SECURCRED,SECUR CREDENTIALS LIMITED,14.18
NSE_EQ|INE561H01026,13791,PARSVNATH,PARSVNATH DEVELOPER LTD,14.19
NSE_EQ|INF109KC11V0,17475,NV20IETF,ICICI PRUDENTIAL NV20 ETF,14.22
NSE_EQ|INE161G01027,28880,MORARJEE,MORARJEE TEXTILES LIMITED,14.5
NSE_EQ|INE0EEJ01023,14152,BTML,BODHI TREE MULTIMEDIA LTD,14.52
NSE_EQ|INE514Y01020,3595,MOKSH,MOKSH ORNAMENTS LIMITED,14.58
NSE_EQ|INE262Z01023,15848,LATTEYS,LATTEYS INDUSTRIES LTD,14.9
NSE_EQ|INE966H01019,14003,ZEEMEDIA,ZEE MEDIA CORPORATION LTD,14.91
NSE_EQ|INE797H01018,14607,TGBHOTELS,TGB BANQUETS&HOTELS LTD,15.14
NSE_EQ|INE635A01023,13741,SHYAMTEL,SHYAM TELECOM LIMITED,15.36
NSE_EQ|INE933X01016,5655,SHANTI,SHANTI OVERSEAS INDIA LTD,15.58
NSE_EQ|INE353H01010,13367,SGL,STL GLOBAL LIMITED,15.96
NSE_EQ|INE669E01016,14366,IDEA,VODAFONE IDEA LIMITED,16.07
NSE_EQ|INE836F01026,14537,DISHTV,DISH TV INDIA LTD.,16.54
NSE_EQ|INE071A01013,13622,BINANIIND,BINANI INDUSTRIES LTD,16.56
NSE_EQ|INE919I01024,19877,RADIOCITY,MUSIC BROADCAST LIMITED,16.78
NSE_EQ|INF109KC10W0,17702,MIDSELIETF,ICICI PRUD MIDCAP SEL ETF,16.94
NSE_EQ|INE546Y01022,1216,PRAXIS,PRAXIS HOME RETAIL LTD,17.14
NSE_EQ|INE526B01014,8400,CALSOFT,CALIFORNIA SOFTWARE CO LT,17.18
NSE_EQ|INE430N01022,13702,VISHWARAJ,VISHWARAJ SUGAR IND LTD,17.56
NSE_EQ|INE641C01019,15248,KAVVERITEL,KAVVERI TEL. LTD.,17.73
NSE_EQ|INE236A01020,5735,HCL-INSYS,HCL INFOSYSTEMS-DEPO SETT,17.85
NSE_EQ|INE185H01016,13162,CELEBRITY,CELEBRITY FASHIONS LTD,17.89
NSE_EQ|INE399K01017,17524,RTNPOWER,RATTANINDIA POWER LIMITED,17.9
NSE_EQ|INE979R01011,10192,SHYAMCENT,SHYAM CENTURY FERROUS LTD,18.04
NSE_EQ|INE039B01026,8028,CINEVISTA,CINEVISTA LIMITED,18.17
NSE_EQ|INE912L01015,25496,ONELIFECAP,ONELIFE CAP ADVISORS LTD,18.2
NSE_EQ|INE855F01042,14064,ASMS,BARTRONICS INDIA LIMITED,18.21
NSE_EQ|INE360C01024,15419,DPSCLTD,DPSC LIMITED,18.32
NSE_EQ|INE791A01024,8139,BLBLIMITED,BLB LIMITED,18.33
NSE_EQ|INE749B01020,2979,ORTINLAB,ORTIN LABORATORIES LTD,18.34
NSE_EQ|INE319Y01024,22282,TIRUPATIFL,TIRUPATI FORGE LIMITED,18.39
NSE_EQ|INE908V01012,11082,LIBAS,LIBAS CONSU PRODUCTS LTD,18.44
NSE_EQ|INE203Y01012,19097,SILLYMONKS,SILLY MONKS ENTERTAIN LTD,18.57
NSE_EQ|INE130B01031,10700,SURANAT&P,SURANA TELECOM AND POW LT,18.68
NSE_EQ|INE652F01027,6385,CCHHL,COUNTRY CLUB HOSP HOL LTD,18.72
NSE_EQ|INE00Z501029,9288,KRITIKA,KRITIKA WIRES LIMITED,18.97
NSE_EQ|INE737B01033,4953,ADROITINFO,ADROIT INFOTECH LIMITED,19.06
NSE_EQ|INE760Y01011,16943,ASHOKAMET,ASHOKA METCAST LIMITED,19.32
NSE_EQ|INE753W01010,11032,SANGINITA,SANGINITA CHEMICALS LTD,19.35
NSE_EQ|INE351F01018,11763,JPPOWER,JAIPRAKASH POWER VEN. LTD,19.71
NSE_EQ|INE278B01020,13565,RAMANEWS,SHREE RAMA NEWSPRINT LTD,19.91
NSE_EQ|INE170V01027,21362,SALASAR,SALASAR TECHNO ENGG. LTD.,19.94
NSE_EQ|INE416L01017,20080,EROSMEDIA,EROS INTL MEDIA LTD,19.96
NSE_EQ|INE020D01022,13794,BAIDFIN,BAID FINSERV LIMITED,20.22
NSE_EQ|INE804H01012,14323,TFL,TRANSWARRANTY FIN. LTD.,20.51
NSE_EQ|INE952A01022,17050,HINDNATGLS,HIND NATL GLASS & IND LTD,20.53
NSE_EQ|INE286H01012,13298,VISASTEEL,VISA STEEL LIMITED,20.76
NSE_EQ|INE117Z01011,11631,NARMADA,NARMADA AGROBASE LIMITED,20.8
NSE_EQ|INE658G01014,11637,SALSTEEL,S.A.L. STEEL LTD.,20.82
NSE_EQ|INE914E01040,9921,ALANKIT,ALANKIT LIMITED,20.89
NSE_EQ|INF209KB15K4,10690,NIFTYQLITY,BIRLASLAMC - NIFTYQLITY,20.9
NSE_EQ|INE949P01018,6600,GENUSPAPER,GENUS P&B LIMITED,21.07
NSE_EQ|INE0APB01024,1593,MGEL,MANGALAM GLOBAL ENT LTD,21.08
NSE_EQ|INE544H01014,13723,JHS,JHS SVEND. LAB. LTD,21.1
NSE_EQ|INE867A01022,13572,MANUGRAPH,MANUGRAPH INDIA LIMITED,21.12
NSE_EQ|INE646X01014,880,ASTRON,ASTRON PAPER BORD MIL LTD,21.29
NSE_EQ|INE999K01014,20110,GREENPOWER,ORIENT GREEN POWER CO LTD,21.47
NSE_EQ|INE02EZ01022,9902,AXITA,AXITA COTTON LIMITED,21.5
NSE_EQ|INE529D01014,15219,PATINTLOG,PATEL INT. LOG. LTD,21.61
NSE_EQ|INE533D01032,8428,RAJRILTD,RAJ RAYON INDUSTRIES LTD,21.84
NSE_EQ|INE245I01016,14942,NAGREEKCAP,NAGREEKA CAP & INFR.LTD,21.89
NSE_EQ|INE964H01014,15308,SEPC,SEPC LIMITED,21.9
NSE_EQ|INE788B01028,11605,INDSWFTLTD,IND-SWIFT LIMITED,21.99
NSE_EQ|INE369I01014,9380,IL&FSENGG,IL&FS ENG AND CONS CO LTD,22
NSE_EQ|INE831A01028,2202,MIRCELECTR,MIRC ELECTRONICS LTD,22.01
NSE_EQ|INE550C01020,20203,URJA,URJA GLOBAL LIMITED,22.03
NSE_EQ|INE982F01036,18154,HATHWAY,HATHWAY CABLE & DATACOM,22.27
NSE_EQ|INE142I01023,14917,TAKE,TAKE SOLUTIONS LTD,22.32
NSE_EQ|INE281A01026,11511,CENTEXT,CENTURY EXTRUSIONS LTD,22.4
NSE_EQ|INE619I01012,20910,A2ZINFRA,A2Z INFRA ENGINEERING LTD,22.88
NSE_EQ|INE306C01019,15049,ENERGYDEV,ENERGY DEVE. CO.LTD,22.95
NSE_EQ|INE440L01017,25486,TIJARIA,TIJARIA POLYPIPES LTD,23.22
NSE_EQ|INE954E01012,29423,MOHITIND,MOHIT INDUSTRIES LTD,23.27
NSE_EQ|INE670X01014,21713,LASA,LASA SUPERGENERICS LTD,23.38
NSE_EQ|INE325D01025,16859,SINDHUTRAD,SINDHU TRADE LINKS LTD,23.4
NSE_EQ|INE00Y801016,2176,AKG,AKG EXIM LIMITED,23.48
NSE_EQ|INE06IR01021,12643,OSIAHYPER,OSIA HYPER RETAIL LIMITED,23.62
NSE_EQ|INE573R01012,10836,SEYAIND,SEYA INDUSTRIES LIMITED,23.69
NSE_EQ|INE528G01035,11915,YESBANK,YES BANK LIMITED,23.8
NSE_EQ|INE879A01019,7634,SHREERAMA,SHREE RAMA MULTI TECH LTD,23.98
NSE_EQ|INE278G01037,11845,CYBERMEDIA,CYBER MEDIA (INDIA) LTD.,23.99
NSE_EQ|INE051B01021,13342,VAKRANGEE,VAKRANGEE LIMITED,24.09
NSE_EQ|INE040M01013,25082,TREEHOUSE,TREE HOUSE EDU LTD,24.4
NSE_EQ|INE024D01016,20528,PRUDMOULI,PRUDENTIAL SUGAR CORPORAT,24.47
NSE_EQ|INE740X01023,14924,LAL,LORENZINI APPARELS LTD,24.5
NSE_EQ|INE722J01012,20950,RKDL,RAVI KUMAR DIST. LTD.,24.71
NSE_EQ|INE173A01025,11297,SIL,STANDARD INDUSTRIES LTD.,24.73
NSE_EQ|INE227G01018,14952,INDOWIND,INDOWIND ENERGY LTD,25.05
NSE_EQ|INE197A01024,1802,JYOTISTRUC,JYOTI STRUCTURES LTD,25.55
NSE_EQ|INE273D01019,13771,AARVEEDEN,AARVEE DEN. & EXP. LTD,25.66
NSE_EQ|INE102A01024,5121,HLVLTD,HLV LIMITED,25.87
NSE_EQ|INE731A01020,5688,ARCHIES,ARCHIES LTD,26.07
NSE_EQ|INE03RS01027,2645,DRCSYSTEMS,DRC SYSTEMS INDIA LIMITED,26.11
NSE_EQ|INE875R01011,10181,BALKRISHNA,BALKRISHNA PAPER MILLS L,26.22
NSE_EQ|INE553C01016,13522,NECCLTD,NORTH EAST CARRY CORP LTD,26.24
NSE_EQ|INE792B01012,11496,AMBICAAGAR,AMBICA AGAR & AROMAINDLTD,26.28
NSE_EQ|INE625B01014,2837,RANASUG,RANA SUGARS LTD.,26.38
NSE_EQ|INE217G01035,3553,EQUIPPP,EQUIPPP SOC IMP TECH LTD,26.6
NSE_EQ|INE00IK01029,14310,OSWALSEEDS,SHREEOSWAL S AND CHE LTD,26.71
NSE_EQ|INF109KC16V9,30392,NIF100IETF,ICICI PRUD NIFTY 100 ETF,26.9
NSE_EQ|INE752G01015,11919,MSPL,MSP STEEL & POWER LTD.,27.01
NSE_EQ|INE226H01026,13240,SADBHAV,SADBHAV ENGINEERING LTD,27.1
NSE_EQ|INE501G01024,11979,HTMEDIA,HT MEDIA LIMITED,27.14
NSE_EQ|INE642Z01026,14890,AKI,AKI INDIA LIMITED,27.2
NSE_EQ|INE942G01012,11943,MCLEODRUSS,MCLEOD RUSSEL INDIA LTD.,27.23
NSE_EQ|INE03JI01017,10358,DGCONTENT,DIGICONTENT LIMITED,27.32
NSE_EQ|INE645W01026,9897,AIRAN,AIRAN LIMITED,27.67
NSE_EQ|INE270A01029,17675,ALOKINDS,ALOK INDUSTRIES LIMITED,27.72
NSE_EQ|INE683A01023,5948,SOUTHBANK,THE SOUTH INDIAN BANK LTD,27.84
NSE_EQ|INE976T01013,8175,SAGARDEEP,SAGARDEEP ALLOYS LIMITED,28.32
NSE_EQ|INE583R01029,5292,PRITIKAUTO,PRITIKA AUTO INDUS LTD,28.78
NSE_EQ|INE735M01018,27303,SAMPANN,SAMPANN UTPADAN INDIA LTD,29
NSE_EQ|INE505C01016,13945,PRAENG,PRAJAY ENG. SYN. LTD.,29.02
NSE_EQ|INE190H01024,13251,SAKUMA,SAKUMA EXPORTS LIMITED,29.15
NSE_EQ|INE754A01055,967,SUBEXLTD,SUBEX LTD,29.3
NSE_EQ|INE453B01029,31138,COMPUSOFT,COMPUCOM SOFTWARE LTD,29.32
NSE_EQ|INE04AK01028,6792,SBC,SBC EXPORTS LIMITED,29.32
NSE_EQ|INE060B01014,9641,KHANDSE,KHANDWALA SECURITIES LTD,29.57
NSE_EQ|INE00SZ01018,6764,MARSHALL,MARSHALL MACHINES LTD,29.72
NSE_EQ|INE362A01016,4010,PVP,PVP VENTURES LIMITED,29.82
NSE_EQ|INE859Q01017,7420,MANAKALUCO,MANAK ALUMINIUM CO. LTD.,29.83
NSE_EQ|INE614G01033,15259,RPOWER,RELIANCE POWER LTD.,31.08
NSE_EQ|INE060J01017,25516,FLEXITUFF,FLEXITUFF VENTURES INT L,31.52
NSE_EQ|INE123B01028,14702,NAGREEKEXP,NAGREEKA EXPORTS LTD.,31.54
NSE_EQ|INE483S01020,16249,INFIBEAM,INFIBEAM AVENUES LIMITED,31.71
NSE_EQ|INE778A01021,25194,TECHIN,TECHINDIA NIRMAN LIMITED,31.84
NSE_EQ|INE970N01027,19372,SPCENET,SPACENET ENTERS IND LTD,31.86
NSE_EQ|INE590L01019,25344,VASWANI,VASWANI IND LTD,31.95
NSE_EQ|INE626Z01029,8962,HARDWYN,HARDWYN INDIA LIMITED,31.96
NSE_EQ|INE014B01011,3453,TECILCHEM,TECIL CHEMICALS,32.17
NSE_EQ|INE424C01010,1142,GINNIFILA,GINNI FILAMENTS LTD,32.61
NSE_EQ|INE195N01013,28859,PROZONER,PROZONE REALTY LIMITED,32.7
NSE_EQ|INE023H01027,11927,NECLIFE,NECTAR LIFESCIENCES LTD.,33.22
NSE_EQ|INE801V01019,6568,LAXMICOT,LAXMI COTSPIN LIMITED,33.4
NSE_EQ|INE844A01013,8188,PEARLPOLY,PEARL POLYMERS LTD,33.53
NSE_EQ|INE0PSC01024,21256,DIGIDRIVE,DIGIDRIVE DISTRIBUTORS L,33.66
NSE_EQ|INE748T01016,14612,SIMBHALS,SIMBHAOLI SUGARS LTD.,33.71
NSE_EQ|INE143A01010,471,OSWALGREEN,OSWAL GREENTECH LIMITED,33.82
NSE_EQ|INE0CG401037,22980,MUKKA,MUKKA PROTEINS LIMITED,33.92
NSE_EQ|INE737W01013,13510,AKASH,AKASH INFRA-PROJECTS LTD,34.12
NSE_EQ|INE450G01024,14843,VIPCLOTHNG,VIP CLOTHING LIMITED,34.24
NSE_EQ|INE047O01014,29733,NIBL,NRB INDUS. BEARINGS LTD.,34.28
NSE_EQ|INE543V01017,11779,ACEINTEG,ACE INTEGRATED SOLU. LTD.,34.41
NSE_EQ|INE927C01020,16683,DIGISPICE,DIGISPICE TECHNOLOGIES LT,34.76
NSE_EQ|INE01II01013,2492,SILGO,SILGO RETAIL LIMITED,34.95
NSE_EQ|INE613B01010,9610,ICDSLTD,ICDSLTD,35.25
NSE_EQ|INE314C01013,9104,SOMATEX,SOMA TEXTILEI NDUSTRIES L,35.37
NSE_EQ|INE440A01010,206,ASHIMASYN,ASHIMA LTD,35.73
NSE_EQ|INE253A01025,21676,HINDMOTORS,HINDUSTAN MOTORS LIMITED,35.97
NSE_EQ|INF209KB14K7,10693,MOMENTUM,BIRLASLAMC - MOMENTUM,36.06
NSE_EQ|INE02AR01019,3732,ANMOL,ANMOL INDIA LIMITED,36.2
NSE_EQ|INE383H01017,13355,MALUPAPER,MALU PAPER MILLS LIMITED,36.25
NSE_EQ|INF209KB11D8,6462,TECH,BIRLASLAMC - TECH,36.29
NSE_EQ|INE861B01023,2268,MOTOGENFIN,MOTOR & GENERAL FINANCE L,36.83
NSE_EQ|INE539B01017,15295,VIRINCHI,VIRINCHI LIMITED,36.87
NSE_EQ|INE813V01022,22360,MCL,MADHAV COPPER LIMITED,37.23
NSE_EQ|INE730A01022,10159,ORICONENT,ORICON ENTERPRISES LTD,37.24
NSE_EQ|INE650K01021,11062,SECURKLOUD,SECUREKLOUD TECH LIMITED,38.3
NSE_EQ|INE818B01023,6045,PASUPTAC,PASUPATI ACRYLON LIMITED,38.37
NSE_EQ|INE272L01022,21081,SURANASOL,SURANA SOLAR LIMITED,38.48
NSE_EQ|INE277C01012,9051,REGENCERAM,REGENCYCERAMICS-LTD,38.67
NSE_EQ|INE520H01022,17933,BEARDSELL,BEARDSELL LIMITED,38.73
NSE_EQ|INE591A01010,8109,OILCOUNTUB,OIL COUNTRY TUBULAR LTD.,38.77
NSE_EQ|INE210A01017,3772,WILLAMAGOR,WILLIAMSON MAGOR,39.58
NSE_EQ|INE623A01011,2969,SAKHTISUG,SAKTHI SUGARS LTD,39.62
NSE_EQ|INE500X01013,14459,LEXUS,LEXUS GRANITO (INDIA) LTD,39.64
NSE_EQ|INE285H01022,13582,ATLANTAA,ATLANTAA LIMITED,39.65
NSE_EQ|IN9175A01010,25684,JISLDVREQS,JAIN DVR EQUITY SHARES,39.72
NSE_EQ|INE00LM01029,8806,SONAMLTD,SONAM LIMITED,39.81
NSE_EQ|INE606A01024,2598,AMJLAND,AMJ LAND HOLDINGS LIMITED,39.87
NSE_EQ|INE630Y01024,9673,MEDICO,MEDICO REMEDIES LIMITED,39.99
NSE_EQ|INE064C01022,9685,TRIDENT,TRIDENT LIMITED,40.03
NSE_EQ|INE660C01027,2454,CENTRUM,CENTRUM CAPITAL LIMITED,40.26
NSE_EQ|INE560K01014,22602,PFS,PTC INDIA FIN SERV LTD,40.31
NSE_EQ|INE225C01029,7276,UDAICEMENT,UDAIPUR CEMENT WORKS LTD,40.34
NSE_EQ|INE481Z01011,7791,UNIINFO,UNIINFO TELECOM SERVI LTD,40.59
NSE_EQ|INE946H01037,8437,VIPULLTD,VIPUL LIMITED,40.61
NSE_EQ|INE661I01014,15193,BGRENERGY,BGR ENERGY SYSTEMS LTD,40.74
NSE_EQ|INE020J01029,16709,GOKUL,GOKUL REFOILS & SOLV LTD,40.74
NSE_EQ|INE296C01020,8159,FIBERWEB,FIBERWEB INDIA LIMITED,40.84
NSE_EQ|INE637H01024,13756,SHIVAMAUTO,SHIVAM AUTO.LTD,40.87
NSE_EQ|INE854S01022,2188,GENCON,GENERIC ENG CONS PROJ LTD,40.88
NSE_EQ|INE080B01012,3009,KOHINOOR,KOHINOOR FOODS LIMITED,41.22
NSE_EQ|INE306A01021,308,BAJAJHIND,BAJAJ HINDUSTHAN SUGAR LT,41.73
NSE_EQ|INE153A01019,2294,MTNL,MAHANAGAR TELEPHONE NIGAM,42.16
NSE_EQ|INE07O001026,2792,EASEMYTRIP,EASY TRIP PLANNERS LTD,42.33
NSE_EQ|INE680A01011,11359,DHANBANK,DHANLAXMI BANK LIMITED,42.45
NSE_EQ|INE0O3901029,17795,TREL,TRANSINDIA REAL ESTATE L,42.53
NSE_EQ|INE034D01049,14101,PTL,PTL ENTERPRISES LTD,42.66
NSE_EQ|INE610C01014,181,ARENTERP,RAJDARSHAN INDUSTRIES LTD,42.73
NSE_EQ|INE388G01026,19501,TCLCONS,TANTIA CONSTRUCTIONS LTD,42.8
NSE_EQ|INE156A01020,10993,INDORAMA,INDO RAMA SYNTHETICS LTD,42.94
NSE_EQ|INE925C01016,15155,MADHAV,MADHAV MARBLE & GRANITE,43.02
NSE_EQ|INE186H01022,12034,BASML,BANNARI AM SPIN MILL LTD.,43.85
NSE_EQ|INE886H01027,14208,TV18BRDCST,TV18 BROADCAST LIMITED,44.09
NSE_EQ|INE875G01030,31258,NDL,NANDAN DENIM LIMITED,44.13
NSE_EQ|INE802G01018,13420,JETAIRWAYS,JET AIRWAYS (INDIA) LTD.,44.17
NSE_EQ|INE771A01026,4394,MIRZAINT,MIRZA INTERNATIONAL LIMIT,44.44
NSE_EQ|INE790B01024,4809,KCPSUGIND,KCP SUGAR IND CORP LTD.,44.69
NSE_EQ|INE572G01025,23027,LANCORHOL,LANCOR HOLDINGS LIMITED,44.74
NSE_EQ|INE157H01023,14667,KMSUGAR,K M SUGAR MILLS LTD,44.83
NSE_EQ|INE142A01012,2514,OSWALAGRO,OSWAL AGRO MILLS LTD,44.93
NSE_EQ|INE452L01012,17507,INCREDIBLE,INCREDIBLE INDUSTRIES LTD,45.18
NSE_EQ|INE740V01019,9046,AGROPHOS,AGRO PHOS INDIA LIMITED,45.75
NSE_EQ|INE368I01016,255,NIRAJ,NIRAJ CEMENT STRUC LTD,46.08
NSE_EQ|INE692B01014,2313,MURUDCERA,MURUDESHWAR CERAMICS LTD,46.37
NSE_EQ|INE863I01016,15303,BANG,BANG OVERSEAS LTD.,46.48
NSE_EQ|INE122M01019,25634,ESSARSHPNG,ESSAR SHIPPING LTD,46.63
NSE_EQ|INE236Y01012,5401,NGIL,NAKODA GROUP OF IND. LTD,46.64
NSE_EQ|INE696V01013,5519,JAIPURKURT,NANDANI CREATION LIMITED,46.81
NSE_EQ|INE156C01018,13463,PIONEEREMB,PIONEER EMBROIDERIES LTD,46.81
NSE_EQ|INE610B01024,4548,GUJRAFFIA,GUJARAT RAFFIA INDUST LTD,46.88
NSE_EQ|INE198H01019,5248,AAREYDRUGS,AAREY DRUGS & PHARM LTD,47.16
NSE_EQ|INE854B01010,2331,JAYNECOIND,JAYASWAL NECO INDUSTR LTD,47.2
NSE_EQ|INE274G01010,15384,DHANI,DHANI SERVICES LIMITED,47.52
NSE_EQ|INE921B01025,31107,DBSTOCKBRO,DB (INT) STOCK BROKERS,47.72
NSE_EQ|INE087B01017,16657,ANIKINDS,ANIK INDUSTRIES LTD,48.08
NSE_EQ|INE558D01021,4007,CORALFINAC,CORAL INDIA FIN & HOUS LT,48.1
NSE_EQ|INE549A01026,1375,HCC,HINDUSTAN CONSTRUCTION CO,48.86
NSE_EQ|INE09E501017,1565,RVHL,RAVINDER HEIGHTS LIMITED,48.92
NSE_EQ|INE841B01017,16933,INDBANK,INDBANK MERCH BANK,49.18
NSE_EQ|INE087H01022,12026,RENUKA,SHREE RENUKA SUGARS LTD,49.3
NSE_EQ|INE497D01022,17541,DAMODARIND,DAMODAR INDUSTRIES LTD,49.43
NSE_EQ|INE551W01018,15228,UJJIVANSFB,UJJIVAN SMALL FINANC BANK,49.58
NSE_EQ|INE040H01021,12018,SUZLON,SUZLON ENERGY LIMITED,49.87
NSE_EQ|INE592A01026,2496,ORIENTPPR,ORIENT PAPER AND INDS LTD,50.24
NSE_EQ|INE642Y01029,4924,HINDCON,HINDCON CHEMICALS LIMITED,50.38
NSE_EQ|INE542C01019,2439,NKIND,NK INDUSTRIES LTD,51.77
NSE_EQ|INE727S01012,21687,BRNL,BHARAT ROAD NETWORK LTD,51.9
NSE_EQ|INE0NN701020,17778,ATL,ALLCARGO TERMINALS LTD,51.94
NSE_EQ|INE387I01016,14957,MAGNUM,MAGNUM VENTURES LTD.,51.99
NSE_EQ|INE083A01026,2259,MOREPENLAB,MOREPEN LAB. LTD,52.05
NSE_EQ|INE569C01020,13111,ORIENTCER,ORIENT CERATECH LIMITED,52.5
NSE_EQ|INE287C01037,7169,MICEL,MIC ELECTRONICS LTD,52.85
NSE_EQ|INE818W01011,19878,ESAFSFB,ESAF SMALL FINANCE BANK L,53
NSE_EQ|INE947J01015,17722,DEN,DEN NETWORKS LTD,53.23
NSE_EQ|INE615R01029,9378,TRU,TRUCAP FINANCE LIMITED,53.27
NSE_EQ|INE735W01017,17358,UTKARSHBNK,UTKARSH SMALL FIN BANK L,53.84
NSE_EQ|INE816B01035,24532,FILATEX,FILATEX INDIA LTD,54.25
NSE_EQ|INE294G01026,366,ROML,RAJ OIL MILLS LIMITED,54.28
NSE_EQ|INE0ECP01024,17053,HMAAGRO,HMA AGRO INDUSTRIES LTD,54.68
NSE_EQ|INE785M01013,29124,PCJEWELLER,PC JEWELLER LTD,54.84
NSE_EQ|INE794W01014,10370,MODTHREAD,MODERN THREADS INDIA LTD,54.86
NSE_EQ|INE912H01013,18029,MBLINFRA,MBL INFRASTRUCTURE LTD,54.9
NSE_EQ|INE426Z01016,8797,OBCL,ORISSA BENGAL CARRIER LTD,55.84
NSE_EQ|INE116G01013,11220,VARDHACRLC,VARDHAMAN ACRYLICS LTD,55.88
NSE_EQ|INE824Q01011,7482,MANAKSTEEL,MANAKSIA STEELS LTD,56.33
NSE_EQ|INE840Y01029,9939,ONEPOINT,ONE POINT ONE SOL LTD,56.91
NSE_EQ|INE691A01018,11223,UCOBANK,UCO BANK,56.94
NSE_EQ|INE210C01013,14557,AROGRANITE,ARO GRANITE IND. LTD.,57
NSE_EQ|INE500A01029,817,DCW,DCW LTD,57.23
NSE_EQ|INE645H01027,13801,SUTLEJTEX,SUTLEJ TEXT & INDUS LTD,57.57
NSE_EQ|INE412G01024,2513,BCLIND,BCL INDUSTRIES LIMITED,58.39
NSE_EQ|INE335K01011,11165,COFFEEDAY,COFFEE DAY ENTERPRISE LTD,58.52
NSE_EQ|INE262A01018,19698,HMT,HMT LTD -,58.83
NSE_EQ|INE139I01011,15073,BVCL,BARAK VALLEY CEM. LTD.,59
NSE_EQ|INE583V01021,10343,RADHIKAJWE,RADHIKA JEWELTECH LIMITED,59.36
NSE_EQ|INE0NNS01018,14180,NSLNISP,NMDC STEEL LIMITED,59.8
NSE_EQ|INF082J01408,15330,QGOLDHALF,QUANTUM GOLD FUND,60.37
NSE_EQ|INE505Y01010,3807,VINEETLAB,VINEET LABORATORIES LTD,61.43
NSE_EQ|INE947I01017,16807,LOTUSEYE,LOTUS EYE HOSP & INST L,61.88
NSE_EQ|INE02H701025,22477,NOVAAGRI,NOVA AGRITECH LIMITED,61.93
NSE_EQ|INE829A01014,4136,BIOFILCHEM,BIOFIL CHEM & PHARMA LTD,62.42
NSE_EQ|INE978G01016,11935,SPLIL,SPL INDUSTRIES LIMITED,62.69
NSE_EQ|INE608A01012,21001,PSB,PUNJAB & SIND BANK,63.04
NSE_EQ|INE03HW01020,18021,VLEGOV,VL E GOV AND IT SOL LTD,63.08
NSE_EQ|INE419A01022,11647,KOTARISUG,KOTHARI SUG & CHEM LTD.,63.41
NSE_EQ|INE392B01011,9342,PNC,PRITISH NANDY COMMUNICATI,63.65
NSE_EQ|INE586G01017,11581,GULFPETRO,GP PETROLEUMS LIMITED,64.03
NSE_EQ|INE039A01010,1491,IFCI,IFCI LTD,64.21
NSE_EQ|INE263W01010,9576,MAHESHWARI,MAHESHWARI LOGISTICS LTD.,64.53
NSE_EQ|INE0D0K01022,6663,SIGACHI,SIGACHI INDUSTRIES LTD,64.69
NSE_EQ|INE105I01020,6262,SELMC,SEL MANUFACTURING CO LTD,64.77
NSE_EQ|INE725L01011,24385,KARMAENG,KARMA ENERGY LIMITED,64.97
NSE_EQ|INE418H01029,13501,ALLCARGO,ALLCARGO LOGISTICS LTD,65.04
NSE_EQ|INE183W23014,20817,IRBINVIT,IRB INVIT FUND,65.07
NSE_EQ|INE738V01013,6156,ARTNIRMAN,ART NIRMAN LIMITED,65.62
NSE_EQ|INE483A01010,14894,CENTRALBK,CENTRAL BANK OF INDIA,65.76
NSE_EQ|INE244B01030,11699,PATELENG,PATEL ENGINEERING LTD.,65.92
NSE_EQ|INE888C01040,15343,SADHNANIQ,SADHANA NITROCHEM LIMITED,66.19
NSE_EQ|INE640C01011,11856,SHAHALLOYS,SHAH ALLOYS LIMITED,66.19
NSE_EQ|INE138A01028,2256,PENINLAND,PENINSULA LAND LIMITED,66.34
NSE_EQ|INE745B01028,896,KHAICHEM,KHAITAN CHEM & FERT LTD,66.38
NSE_EQ|INE821I01022,15313,IRB,IRB INFRA DEV LTD.,66.46
NSE_EQ|INE420B01036,3813,ARIHANTCAP,ARIHANT CAPITAL MKTS LTD,66.54
NSE_EQ|INE586X01012,1135,GTECJAINX,G-TEC JAINX EDUCATION LTD,66.55
NSE_EQ|INE457A01014,11377,MAHABANK,BANK OF MAHARASHTRA,66.68
NSE_EQ|INE611L01021,21957,INDTERRAIN,IND TERRAIN FASHIONS LTD,66.72
NSE_EQ|INE596H01014,13595,HOVS,HOV SERVICES LTD,67.06
NSE_EQ|INE565A01014,9348,IOB,INDIAN OVERSEAS BANK,67.42
NSE_EQ|INE073V01015,21578,COMSYN,COMMERCIAL SYN BAGS LTD,67.99
NSE_EQ|INE005I01014,14398,AMDIND,AMD INDUSTRIES LIMITED,68.13
NSE_EQ|INE794B01026,9158,BALAJITELE,BALAJI TELEFILMS LIMITED.,68.51
NSE_EQ|INE933B01012,14793,MEGASOFT,MEGASOFT LTD,68.72
NSE_EQ|INE093R01011,17801,LLOYDSENGG,LLOYDS ENGG WORK LIMITED,69.61
NSE_EQ|INE0PB301013,23127,SCILAL,SHIPPING CORP OF ILA LTD,69.68
NSE_EQ|INE532F01054,15119,EDELWEISS,EDELWEISS FIN SERV LTD,69.94
NSE_EQ|INE830Q01018,7417,MANAKCOAT,MAN COAT METAL & IND LTD,69.97
NSE_EQ|INE374B01019,8687,MUKTAARTS,MUKTA ARTS LIMITED,70.04
NSE_EQ|INE199C01026,14745,ADVANIHOTR,ADVANI HOT.& RES.(I) LTD,70.41
NSE_EQ|INE734N01019,4843,SNOWMAN,SNOWMAN LOGISTICS LTD.,70.58
NSE_EQ|INE295D01020,20425,NACLIND,NACL INDUSTRIES LIMITED,70.78
NSE_EQ|INE893I01013,18110,VASCONEQ,VASCON ENGINEERS LTD,70.92
NSE_EQ|INE713B01026,11852,SURYALAXMI,SURYALAKSHMI COT MIL LTD,71.28
NSE_EQ|INE482B01010,19292,TERASOFT,TERA SOFTWARE LIMITED,71.96
NSE_EQ|INE0N0Y01013,14871,USK,UDAYSHIVAKUMAR INFRA LTD,72.19
NSE_EQ|INE882A01013,2112,MARALOVER,MARAL OVERSEAS LTD,72.47
NSE_EQ|INE0FS801015,8596,MSUMI,MOTHERSON SUMI WRNG IND L,72.62
NSE_EQ|INE421A01028,7759,ABAN,ABAN OFFSHORE LTD.,72.66
NSE_EQ|INE268B01013,1937,KREBSBIO,KREBS BIOCHEMICALS & IND,72.74
NSE_EQ|INE420C01059,25468,PAISALO,PAISALO DIGITAL LIMITED,72.93
NSE_EQ|INF754K01SE6,19933,EGOLD,EDELAMC - EGOLD,73.35
NSE_EQ|INE022I01019,14889,ASIANTILES,ASIAN GRANITO IND. LTD.,73.5
NSE_EQ|INE074B01023,13955,PARACABLES,PARAMOUNT COMM LTD,73.64
NSE_EQ|INE251C01025,5549,ABMINTLLTD,ABM INTERNATIONAL LTD,73.82
NSE_EQ|INE748Z01013,11141,SUMIT,SUMIT WOODS LIMITED,73.86
NSE_EQ|INE760W01015,6913,RPPL,RAJSHREE POLYPACK LTD,73.9
NSE_EQ|INE01GN01025,2275,IRISDOREME,IRIS CLOTHINGS LIMITED,74.2
NSE_EQ|INE088F01024,9741,PARADEEP,PARADEEP PHOSPHATES LTD,74.64
NSE_EQ|INE538A01037,1289,GFLLIMITED,GFL LIMITED,75.35
NSE_EQ|INE885F01015,18727,MASKINVEST,MASK INVESTMENTS LIMITED,75.96
NSE_EQ|INE319B01014,7919,BYKE,THE BYKE HOSPITALITY LTD,75.96
NSE_EQ|INE858F01012,13304,NITCO,NITCO LIMITED,76.46
NSE_EQ|INE834M01019,27297,RTNINDIA,RATTANINDIA ENT LIMITED,76.54
NSE_EQ|INE809I01019,15278,ONMOBILE,ONMOBILE GLOBAL LTD.,76.91
NSE_EQ|INE924H01018,14775,TARMAT,TARMAT LIMITED,77.05
NSE_EQ|INE498A01018,805,DCM,DCM LTD,77.08
NSE_EQ|INE123F01029,17957,MMTC,MMTC LIMITED,77.26
NSE_EQ|INE175A01038,10397,JISLJALEQS,JAIN IRRIGATION SYSTEMS,77.45
NSE_EQ|INE092T01019,11184,IDFCFIRSTB,IDFC FIRST BANK LIMITED,77.46
NSE_EQ|INE0CU601026,8529,GMRP&UI,GMR POW AND URBAN INFRA L,77.67
NSE_EQ|INE338D01028,25017,BODALCHEM,BODAL CHEMICALS LTD,77.75
NSE_EQ|INE172N01012,7672,IMAGICAA,IMAGICAAWORLD ENT LTD,77.95
NSE_EQ|INE082W01014,9865,WEWIN,WE WIN LIMITED,78.11
NSE_EQ|INE366A01041,11667,DWARKESH,DWARIKESH SUGAR IND LTD,78.43
NSE_EQ|INE731C01018,3912,KHAITANLTD,KHAITAN (INDIA)LTD.,78.84
NSE_EQ|INE141K01013,18214,TEXMOPIPES,TEXMO PIPE & PRODUCTS LTD,79.42
NSE_EQ|INE147A01011,3252,SPIC,SPIC LTD,79.5
NSE_EQ|INE517B01013,8954,TTML,TATA TELESERV(MAHARASTRA),80.16
NSE_EQ|INE575C01027,5606,INTLCONV,INTL CONVEYORS LIMITED,80.36
NSE_EQ|INE583L01014,7927,AGSTRA,AGS TRANSACT TECH LTD,80.37
NSE_EQ|INE819L01012,24928,ELGIRUBCO,ELGI RUBBER CO. LTD,80.45
NSE_EQ|INE398B01018,9002,MRO-TEK,MRO-TEK REALTY LIMITED,80.55
NSE_EQ|INE855R01021,13580,RADIANTCMS,RADIANT CASH MGMT SER LTD,80.86
NSE_EQ|INE552D01024,10238,CONFIPET,CONFIDENCE PETRO IND LTD.,82.4
NSE_EQ|INE650L01011,25140,BROOKS,BROOKS LAB LIMITED,82.44
NSE_EQ|INE731U01028,6136,DIGJAMLMTD,DIGJAM LTD,83.14
NSE_EQ|INE562B01019,2809,RAJSREESUG,RAJSHREE SUGAR & CHEMICAL,83.4
NSE_EQ|INE0CT101020,5394,MOL,MEGHMANI ORGANICS LIMITED,83.81
NSE_EQ|INE870H01013,14111,NETWORK18,NETWORK18 MEDIA & INV LTD,84.11
NSE_EQ|INE780C01023,13637,JMFINANCIL,JM FINANCIAL LIMITED,84.37
NSE_EQ|INE0GIU01018,8845,UMAEXPORTS,UMA EXPORTS LIMITED,84.45
NSE_EQ|INE423Y01016,18026,SBFC,SBFC FINANCE LIMITED,85.09
NSE_EQ|INE672B01032,13511,MUNJALAU,MUNJAL AUTO IND. LTD.,85.39
NSE_EQ|INE0PA801013,16696,GHCLTEXTIL,GHCL TEXTILES LIMITED,85.51
NSE_EQ|INE557Z01018,15730,PIGL,POWER INSTRUMENT (G) LTD,85.61
NSE_EQ|INE071E01023,19578,UGARSUGAR,THE UGAR SUGAR WORKS LTD,85.8
NSE_EQ|INE0HMF01019,11582,TRACXN,TRACXN TECHNOLOGIES LTD,86.26
NSE_EQ|INE008A01015,1476,IDBI,IDBI BANK LIMITED,86.33
NSE_EQ|INE047B01011,17839,GILLANDERS,GILLANDERS ARBUTHNOT LTD,86.82
NSE_EQ|INE385I01010,14848,ALPA,ALPA LABORATORIES LTD,86.9
NSE_EQ|INE488D01021,14008,AVTNPL,AVT NATURAL PRODUCTS LTD,87
NSE_EQ|INE148A01019,3509,TNPETRO,TAMILNADU PETROPRODUCTS L,87.13
NSE_EQ|INE782X01033,5507,SERVOTECH,SERVOTECH POWER SYS LTD.,87.21
NSE_EQ|INE020801028,8163,SPENCERS,SPENCER S RETAIL LIMITED,87.54
NSE_EQ|INE201M01029,20223,CLEDUCATE,CL EDUCATE LIMITED,87.68
NSE_EQ|INE715Y01023,708,SHRADHA,SHRADHA INFRAPROJECTS LTD,88.56
NSE_EQ|INE529F01035,4522,SIGIND,SIGNET INDUSTRIES LIMITED,88.83
NSE_EQ|INE368U01011,7560,UNITEDPOLY,UNITED POLYFAB GUJ. LTD.,89.01
NSE_EQ|INE201A01024,13796,MANALIPETC,MANALI PETROCHEMICALS LT,89.25
NSE_EQ|INE0INJ01017,19458,PLAZACABLE,PLAZA WIRES LIMITED,89.39
NSE_EQ|INE627H01017,14222,CTE,CAMBRIDGE TECH ENTER LTD,89.62
NSE_EQ|INE350H01032,13290,BLKASHYAP,B.L.KASHYAP & SON LTD,89.75
NSE_EQ|INF209KB19F6,8003,SILVER,BIRLASLAMC - SILVER,90.01
NSE_EQ|INE0JM501013,13675,NRL,NUPUR RECYCLERS LIMITED,90.1
NSE_EQ|INE862Y01015,828,BANKA,BANKA BIOLOO LIMITED,90.31
NSE_EQ|INE888B01018,19672,PODDARHOUS,PODDAR HOUSE & DVPT LTD,90.55
NSE_EQ|INE655B01011,347,BANARBEADS,BANARAS BEADS LTD,91.34
NSE_EQ|INE550H01011,13419,SUPREMEINF,SUPREME INFRA. LTD,91.57
NSE_EQ|INE776C01039,13528,GMRINFRA,GMR AIRPORTS INFRA LTD,91.73
NSE_EQ|INE0CHO01012,245,ADL,ARCHIDPLY DECOR LIMITED,91.98
NSE_EQ|INE052A01021,24969,WINDMACHIN,WINDSOR MACHINES LIMITED,92.03
NSE_EQ|INE065D01027,12015,SATINDLTD,SAT INDUSTRIES LIMITED,92.46
NSE_EQ|INE353A01023,14547,NDLVENTURE,NDL VENTURES LIMITED,92.61
NSE_EQ|INE669X01024,17922,GEEKAYWIRE,GEEKAY WIRES LIMITED,92.68
NSE_EQ|INE413G01022,9219,TPLPLASTEH,TPL PLASTECH LIMITED,92.89
NSE_EQ|INE864B01027,11387,UMANGDAIRY,UMANG DAIRIES LIMITED,93.24
NSE_EQ|INE035801013,13689,SAH,SAH POLYMERS LIMITED,93.32
NSE_EQ|INF457M01133,2328,CPSEETF,CPSE ETF,93.41
NSE_EQ|INE199G01027,13211,JAGRAN,JAGRAN PRAKASHAN LIMITED,93.7
NSE_EQ|INE800H01010,14853,OMAXE,OMAXE LIMITED,94.21
NSE_EQ|INE644Y01017,1497,SHIVAMILLS,SHIVA MILLS LIMITED,94.83
NSE_EQ|INE832A01018,6934,MODIRUBBER,MODI RUBBER LTD,94.86
NSE_EQ|INE509F01029,18524,CUPID,CUPID LIMITED,94.98
NSE_EQ|INE0GFE01018,5352,EXXARO,EXXARO TILES LIMITED,95.34
NSE_EQ|INE0GGX23010,3494,PGINVIT,POWERGRID INFRA. INVITS,95.78
NSE_EQ|INE865T01018,15377,PDMJEPAPER,PUDUMJEE PAPER PRO. LTD,96.44
NSE_EQ|INE152B01027,13688,ACLGATI,ALLCARGO GATI LIMITED,96.82
NSE_EQ|INE506Z01015,6860,DHRUV,DHRUV CONSULTANCY SER LTD,97
NSE_EQ|INE218C01016,9035,AUSOMENT,AUSOM ENTERPRISE LIMITED,97.1
NSE_EQ|INE193B01039,10285,AYMSYNTEX,AYM SYNTEX LIMITED,97.22
NSE_EQ|INE786W01010,1547,RKEC,RKEC PROJECTS LIMITED,97.89
NSE_EQ|INE144D01012,9881,CUBEXTUB,CUBEXTUBINGS-ROLLSETT,98
NSE_EQ|INE453D01025,14043,SARLAPOLY,SARLA PERF. FIBERS LTD,98.04
NSE_EQ|INE367G01038,13496,PFOCUS,PRIME FOCUS LIMITED,98.47
NSE_EQ|INE395H01011,10406,STEELCITY,STEEL CITY SECURITIES LTD,98.7
NSE_EQ|INE393A01011,1214,DELTAMAGNT,DELTA MANUFACTURING LTD,98.85
NSE_EQ|INE871H01011,15351,GSS,GSS INFOTECH LIMITED,98.98
NSE_EQ|INE0GSL01024,7376,HPAL,HP ADHESIVES LIMITED,99.06
NSE_EQ|INE697V01011,6141,PANSARI,PANSARI DEVELOPERS LTD,99.19
NSE_EQ|INE015D01022,15199,MANAKSIA,MANAKSIA LTD.,99.9
NSE_EQ|INE063P01018,913,EQUITASBNK,EQUITAS SMALL FIN BNK LTD,100.21
NSE_EQ|INE666E01020,15420,ACL,ANDHRA CEMENTS LIMITED,100.23
NSE_EQ|INE550B01022,4116,HBSL,HB STOCKHOLDINGS LIMITED,100.8
NSE_EQ|INE495B01038,11233,SUVEN,SUVEN LIFE SCIENCES LTD,100.95
NSE_EQ|INE451L01014,17527,MAHASTEEL,MAHAMAYA STEEL INDS LTD,101.07
NSE_EQ|INE414A01015,4911,MADRASFERT,MADRAS FERTILISERS LTD,101.3
NSE_EQ|INE164B01022,13430,KELLTONTEC,KELLTON TECH SOL LTD,101.58
NSE_EQ|INE919I04010,15082,RADIOCITY,MUSIC BROADCAST LIMITED,102
NSE_EQ|INE112X01017,6218,SIKKO,SIKKO INDUSTRIES LIMITED,102.18
NSE_EQ|INE007B01023,11896,GEOJITFSL,GEOJIT FINANCIAL SER L,102.22
NSE_EQ|INE518E01015,12384,ZIMLAB,ZIM LABORATORIES LIMITED,102.29
NSE_EQ|INE848E01016,17400,NHPC,NHPC LTD,102.3
NSE_EQ|INE110A01019,530,BPL,BPL LTD,102.76
NSE_EQ|INE778K01012,19277,EMAMIREAL,EMAMI REALTY LIMITED,102.87
NSE_EQ|INE0BTM01013,19498,SECMARK,SECMARK CONSULTANCY LTD,102.91
NSE_EQ|INE713T01028,1134,APOLLO,APOLLO MICRO SYSTEMS LTD,102.97
NSE_EQ|INE278M01019,10557,NAVKARCORP,NAVKAR CORPORATION LTD.,103.08
NSE_EQ|INE999B01013,2997,SANGHIIND,SANGHI INDUSTRIES LTD,103.23
NSE_EQ|INE871K01015,19211,HMVL,HINDUSTAN MEDIA VENT LTD,103.55
NSE_EQ|INE922A01025,419,BEPL,BHANSALI ENG. POLYMERS LT,103.58
NSE_EQ|INE426A01027,79,ALEMBICLTD,ALEMBIC LIMITED,103.95
NSE_EQ|INE079J01017,8510,GATEWAY,GATEWAY DISTRIPARKS LTD,104.48
NSE_EQ|INE161A01038,11522,NIITLTD,NIIT LIMITED,104.63
NSE_EQ|INE722H01024,15129,RGL,RENAISSANCE GLOBAL LTD,105.03
NSE_EQ|INE753K01015,18142,EMMBI,EMMBI INDUSTRIES LIMITED,105.16
NSE_EQ|INE336X01012,22423,TOTAL,TOTAL TRANSPORT SYS LTD,105.2
NSE_EQ|INE416D01022,19265,BLISSGVS,BLISS GVS PHARMA LTD,105.37
NSE_EQ|INE694E01014,1782,KANPRPLA,KANPUR PLASTIPACK LIMITED,105.45
NSE_EQ|INE0NHL23019,23036,BHINVIT,BHARAT HIGHWAYS INVIT,106.87
NSE_EQ|INE07T201019,1494,RBA,RESTAURANT BRAND ASIA LTD,106.88
NSE_EQ|INE571B01036,1708,JAYBARMARU,JAY BHARAT MARUTI LTD,107.03
NSE_EQ|INE584F01014,11817,MANGALAM,MANGALAM DRUG & CHEM LTD,107.74
NSE_EQ|INE933A01014,2028,LYKALABS,LYKA LABS LTD,107.75
NSE_EQ|INE592B01016,14314,TTL,T T LIMITED,108
NSE_EQ|INE412C01023,7109,JMA,JULLUNDUR MOT AGENCY LTD,108.52
NSE_EQ|INE458B01036,20776,BHAGYANGR,BHAGYANAGAR INDIA LIMITED,108.8
NSE_EQ|INE052I01032,6216,CAMLINFINE,CAMLIN FINE SCIENCES LTD,109.59
NSE_EQ|INE859A01011,8736,PNBGILTS,PNB GILTS LIMITED,109.65
NSE_EQ|INE561C01019,426,BHARATGEAR,BHARAT GEARS LTD.,109.8
NSE_EQ|INE760L01018,27037,TBZ,TRIB BHIMJI ZAVERI LTD,110.01
NSE_EQ|INE609C01024,18208,ORIENTLTD,ORIENT PRESS LIMITED,110.14
NSE_EQ|INE232A01011,3099,SHREDIGCEM,SHREE DIGVIJAY CEM CO LTD,110.41
NSE_EQ|INE932C01012,3837,TOKYOPLAST,TOKYO PLAST INTL LTD,110.71
NSE_EQ|INE877I01016,16799,ARCHIDPLY,ARCHIDPLY IND. LTD,110.75
NSE_EQ|INE364A01020,1720,JAYSREETEA,JAYSHREE TEA & INDUSTRIES,111.08
NSE_EQ|INF109KB15Y7,522,ICICIB22,ICICIPRAMC - BHARATIWIN,111.14
NSE_EQ|INE558R01013,7425,HECPROJECT,HEC INFRA PROJECTS LTD,111.77
NSE_EQ|INE548A01028,21951,HFCL,HFCL LIMITED,112.23
NSE_EQ|INE196Y01018,22277,WORTH,WORTH PERIPHERALS LIMITED,113.19
NSE_EQ|INE870D01012,13925,NFL,NATIONAL FERT. LTD,113.85
NSE_EQ|INE217L01019,7200,SHRIRAMPPS,SHRIRAM PROPERTIES LTD,114.13
NSE_EQ|INE043D01016,11957,IDFC,IDFC LIMITED,114.23
NSE_EQ|INE0D0U01013,12542,AAATECH,AAA TECHNOLOGIES LIMITED,114.27
NSE_EQ|INE788H01017,14627,HILTON,HILTON METAL FORGING LTD,114.3
NSE_EQ|INE289C01025,11217,TIMESGTY,TIMES GUARANTY LIMITED,114.79
NSE_EQ|INE206B01013,3821,ZODIACLOTH,ZODIAC CLOTHING CO. LTD.,115.51
NSE_EQ|INE01P501012,8478,XELPMOC,XELPMOC DESIGN & TECH LTD,115.7
NSE_EQ|INE830C01026,10074,EMAMIPAP,EMAMI PAPER MILLS LIMITED,116.01
NSE_EQ|INE778B01029,24265,ESTER,ESTER INDUSTRIES LTD,116.46
NSE_EQ|INE798K01010,11432,KRITINUT,KRITI NUTRIENTS LIMITED,116.65
NSE_EQ|INE707C01018,19447,CAPTRUST,CAPITAL TRUST LIMITED,116.89
NSE_EQ|INE138C01024,1835,KANORICHEM,KANORIA CHEMICALS & INDUS,117
NSE_EQ|INE170E01023,11045,SATIA,SATIA INDUSTRIES LIMITED,117.01
NSE_EQ|INE558B01017,15007,MANGCHEFER,MANG.CHEM.FERT.LTD,117.32
NSE_EQ|INE985A01022,23480,SINCLAIR,SINCLAIRS HOTELS LIMITED,117.34
NSE_EQ|INE952H01027,14407,RAJTV,RAJ TV NETWORK LTD,117.64
NSE_EQ|INE895W01019,16292,PANACHE,PANACHE DIGILIFE LIMITED,118.49
NSE_EQ|INE083D01012,13441,BALPHARMA,BAL PHARMA LTD.,118.83
NSE_EQ|INE915B01019,4870,INDSWFTLAB,IND SWIFT LABORATORIES LT,119.15
NSE_EQ|INE652Z01017,8827,AVROIND,AVRO INDIA LIMITED,119.47
NSE_EQ|INE080A01014,3748,WEIZMANIND,WEIZMANN LTD,119.53
NSE_EQ|INE805A01014,9874,GOLDTECH,AION-TECH SOLUTIONS LTD,120
NSE_EQ|INE392A01021,4221,VISAKAIND,VISAKA INDUSTRIES LIMITED,120.08
NSE_EQ|INE060X01026,8146,DEVIT,DEV INFO TECHNOLOGY LTD,120.31
NSE_EQ|INE636A01039,17022,MAWANASUG,MAWANA SUGARS LIMITED,120.76
NSE_EQ|INE692G01013,11705,XCHANGING,XCHANGING SOLUTIONS LTD,120.83
NSE_EQ|INE718H01014,14106,AUTOIND,AUTOLINE INDUSTRIES LTD,121.64
NSE_EQ|INE476A01022,10794,CANBK,CANARA BANK,121.92
NSE_EQ|INE566K01011,18479,ISFT,INTRASOFT TECH. LTD,122.48
NSE_EQ|INE168A01041,5633,J&KBANK,J & K BANK LTD.,122.82
NSE_EQ|INE007N01010,20322,FEDFINA,FEDBANK FINANCIAL SER L,123
NSE_EQ|INE918N01018,8652,VETO,VETO SWITCHGEAR CABLE LTD,123.52
NSE_EQ|INE807F01027,14296,SEQUENT,SEQUENT SCIENTIFIC LTD.,123.56
NSE_EQ|INE760F01028,9116,INDOAMIN,INDO AMINES LIMITED,124.06
NSE_EQ|INE618N01022,11309,BALAXI,BALAXI PHARMA LTD,124.12
NSE_EQ|INE527H01019,9039,UFO,UFO MOVIEZ INDIA LTD.,124.16
NSE_EQ|INE715B01021,136,ANDHRSUGAR,ANDHRA SUGARS LTD,124.4
NSE_EQ|INE084A01016,4745,BANKINDIA,BANK OF INDIA,124.51
NSE_EQ|INE480C01038,1338,SDBL,SOM DIST & BREW LTD,125.04
NSE_EQ|INE218G01033,17059,PALREDTEC,PALRED TECHNOLOGIES LTD,125.15
NSE_EQ|INE05CZ01011,18423,RATNAVEER,RATNAVEER PRECISION ENG L,125.75
NSE_EQ|INE071D01033,6961,MENONBE,MENON BEARINGS LIMITED,125.8
NSE_EQ|INE737D01021,3325,MODISONLTD,MODISON LIMITED,126.23
NSE_EQ|INE773I01017,16959,ALKALI,ALKALI METALS LTD,126.57
NSE_EQ|INE160A01022,10666,PNB,PUNJAB NATIONAL BANK,126.57
NSE_EQ|INE05ST01028,14139,SBGLP,SURATWWALA BUS GROUP LTD,127.18
NSE_EQ|INE732F01019,14932,ISMTLTD,ISMT LIMITED,127.36
NSE_EQ|INE948A01012,5428,TRIGYN,TRIGYN TECHNOLOGIES LTD,127.48
NSE_EQ|INE668D01028,13839,DONEAR,DONEAR IND. LIMITED,127.64
NSE_EQ|INE803H01014,13821,RUCHIRA,RUCHIRA PAPERS LIMITED,127.86
NSE_EQ|INE039C01032,20778,JAMNAAUTO,JAMNA AUTO IND LTD,128.18
NSE_EQ|INE597L01014,22415,LOVABLE,LOVABLE LINGERIE LTD,128.6
NSE_EQ|INE823A01017,5528,KOTHARIPRO,KOTHARI PRODUCTS LTD,128.72
NSE_EQ|INE08KJ01020,19783,MUFIN,MUFIN GREEN FINANCE LTD,128.72
NSE_EQ|INE0PEQ01016,20893,RBZJEWEL,RBZ JEWELLERS LIMITED,128.98
NSE_EQ|INE00PV01013,2007,AHLADA,AHLADA ENGINEERS LIMITED,129.64
NSE_EQ|INE106T01025,2868,HITECH,HI-TECH PIPES LIMITED,130.44
NSE_EQ|INE0JR601024,18760,YATRA,YATRA ONLINE LIMITED,131.01
NSE_EQ|INE323B01016,13557,AVONMORE,AVONMORE CAP&MGT SERV LTD,131.11
NSE_EQ|INE324L01013,20764,RPPINFRA,R.P.P INFRA PROJECTS LTD.,131.24
NSE_EQ|INE980Y01015,9678,SOUTHWEST,SOUTH WEST PINNACLE LTD,131.43
NSE_EQ|INE049A01027,1360,HIMATSEIDE,HIMATSINGKA SEIDE LTD,132.01
NSE_EQ|INE704H01022,27161,CINELINE,CINELINE INDIA LIMITED,132.54
NSE_EQ|INE326B01027,16719,ALMONDZ,ALMONDZ GLOBAL SEC LTD,133.01
NSE_EQ|INE002L01015,18883,SJVN,SJVN LTD,133.12
NSE_EQ|INE219X23014,20988,INDIGRID,INDIA GRID TRUST,133.19
NSE_EQ|INE922B01023,4055,PANACEABIO,PANACEA BIOTEC LTD,133.47
NSE_EQ|INE471W01019,21383,PALASHSECU,PALASH SECURITIES LTD,133.48
NSE_EQ|INE546V01010,6040,EIFFL,EURO (I) FRESH FOODS LTD,133.79
NSE_EQ|INE289A01011,13106,NAHARINDUS,NAHAR INDS ENT LTD,134.09
NSE_EQ|INE0NDH25011,15815,NXST,NEXUS SELECT TRUST,134.11
NSE_EQ|INE089C01029,9309,STLTECH,STERLITE TECHNOLOGIES LTD,134.25
NSE_EQ|INE209B01025,2909,RICOAUTO,RICO AUTO INDUSTRIES LTD,134.49
NSE_EQ|INE224A01026,1235,GREAVESCOT,GREAVES COTTON LTD.,134.64
NSE_EQ|INE720A01015,4594,KOTHARIPET,KOTHARI PETROCHEM LTD,134.72
NSE_EQ|INE846D01012,18235,LORDSCHLO,LORDS CHLORO ALKALI LTD,134.96
NSE_EQ|INE124G01033,15044,DELTACORP,DELTA CORP LIMITED,135.28
NSE_EQ|INE435C01024,11549,TEXINFRA,TEXMACO INFRA & HOLDG LTD,135.65
NSE_EQ|INE129Z01016,381,SINTERCOM,SINTERCOM INDIA LIMITED,135.67
NSE_EQ|INE781A01025,20071,INTENTECH,INTENSE TECHNOLOGIES LTD,135.75
NSE_EQ|INE069I01010,14450,IBREALEST,INDIABULLS REAL EST. LTD,136.46
NSE_EQ|INE184H01027,13091,EKC,EVEREST KANTO CYLINDERLTD,136.76
NSE_EQ|INE503A01015,13725,DCBBANK,DCB BANK LIMITED,137.16
NSE_EQ|INE372C01037,2717,PRECWIRE,PRECISION WIRES INDIA LTD,137.63
NSE_EQ|INE059B01024,9331,SIMPLEXINF,SIMPLEX INFRASTRUCTURES L,137.8
NSE_EQ|INE828O01033,8469,MITCON,MITCON CON & ENG SER LTD,138.91
NSE_EQ|INE754X01016,19073,AARVI,AARVI ENCON LIMITED,138.97
NSE_EQ|INE215I01027,15017,MAANALU,MAAN ALUMINIUM LIMITED,139.68
NSE_EQ|INE02L001032,24016,BOROSCI,BOROSIL SCIENTIFIC LTD,140.05
NSE_EQ|INE01JE01028,1328,MARINE,MARINE ELECTRICAL (I) LTD,140.1
NSE_EQ|INE192B01031,11253,WELSPUNLIV,WELSPUN LIVING LIMITED,140.82
NSE_EQ|INE510W01014,12188,INOXGREEN,INOX GREEN ENERGY SER LTD,140.86
NSE_EQ|INE363A01022,18425,ASIANHOTNR,ASIAN HOTELS (NORTH) LTD,141
NSE_EQ|INE548Z01017,5867,LAGNAM,LAGNAM SPINTEX LIMITED,141.14
NSE_EQ|INE926K01017,19438,AHLEAST,ASIAN HOTELS (EAST) LTD,141.44
NSE_EQ|INE924D01017,21427,THEINVEST,THE INVEST TRUST OF IND L,141.58
NSE_EQ|INE750A01020,2493,ORIENTHOT,ORIENT HOTELS LTD,141.96
NSE_EQ|INE655A01013,10948,STCINDIA,THE STATE TRADING CORPN,142.49
NSE_EQ|INE189I01024,14761,NELCAST,NELCAST LIMITED,143.1
NSE_EQ|INE898S01029,10310,AURUM,AURUM PROPTECH LIMITED,143.7
NSE_EQ|INE970X01018,2606,LEMONTREE,LEMON TREE HOTELS LTD,144.63
NSE_EQ|INE626A01014,3018,SAURASHCEM,SAURASHTRA CEMENT LIMITED,144.66
NSE_EQ|INE100D01014,14828,WSI,W.S.INDUSTRIES (I) LTD.,145.65
NSE_EQ|INE692A01016,10753,UNIONBANK,UNION BANK OF INDIA,146.24
NSE_EQ|INE066P01011,7852,INOXWIND,INOX WIND LIMITED,146.31
NSE_EQ|INE090B01011,14125,OMAXAUTO,OMAX AUTOS LTD,147.61
NSE_EQ|INE0JWS01017,19218,VALIANTLAB,VALIANT LABORATORIES LTD,147.85
NSE_EQ|INE974Z01015,8304,PRITI,PRITI INTERNATIONAL LTD,147.95
NSE_EQ|INE323J01019,17794,SOMICONVEY,SOMI CONVEYOR BELT. LTD.,147.98
NSE_EQ|INE629D01020,14511,BANSWRAS,BANSWARA SYNTEX LIMITED,148.15
NSE_EQ|INE491A01021,5701,CUB,CITY UNION BANK LTD,148.27
NSE_EQ|INE966A01022,12124,DOLATALGO,DOLAT ALGOTECH LIMITED,148.3
NSE_EQ|INE102I01027,14813,ADSL,ALLIED DIGITAL SERV. LTD,148.65
NSE_EQ|INE024001021,18268,AEROFLEX,AEROFLEX INDUSTRIES LTD,148.74
NSE_EQ|INE801L01010,6068,AIROLAM,AIRO LAM LIMITED,148.86
NSE_EQ|INE849C01026,15342,SHALPAINTS,SHALIM PAINTS LTD,149.21
NSE_EQ|INE05X901010,11796,HPIL,HINDPRAKASH INDUSTRY LTD,149.61
NSE_EQ|INE114A01011,2963,SAIL,STEEL AUTHORITY OF INDIA,149.63
NSE_EQ|INE060A01024,2385,NAVNETEDUL,NAVNEET EDUCATION LTD,149.81
NSE_EQ|INE750M01017,27008,HEXATRADEX,HEXA TRADEX LIMITED,149.87
NSE_EQ|INE976E01023,6673,FOODSIN,FOODS & INNS LIMITED,150
NSE_EQ|INE486A01021,628,CESC,CESC LTD,150.12
NSE_EQ|INE036B01030,8828,GAEL,GUJARAT AMBUJA EXPORTS LT,150.39
NSE_EQ|INE363M01019,5068,SHEMAROO,SHEMAROO ENTER. LTD.,150.56
NSE_EQ|INE056I01025,17764,REFEX,REFEX INDUSTRIES LIMITED,151.2
NSE_EQ|INE760A01029,16827,KOKUYOCMLN,KOKUYO CAMLIN LIMITED,151.58
NSE_EQ|INE214A01019,6051,CYBERTECH,CYBERTECH SYSTEMS & SOFTW,152.16
NSE_EQ|INE0ATZ01017,24026,KRONOX,KRONOX LAB SCIENCES LTD,152.57
NSE_EQ|INE972X01014,16589,VAISHALI,VAISHALI PHARMA LIMITED,152.92
NSE_EQ|INE0I3401014,10893,DBOL,DHAMPUR BIO ORGANICS LTD,153.33
NSE_EQ|INE0DK501011,11571,PPLPHARMA,PIRAMAL PHARMA LIMITED,153.4
NSE_EQ|INE593W01028,6836,FOCUS,FOCUS LIGHTG & FIXTRS LTD,154.01
NSE_EQ|INE335W01016,21399,GANGESSECU,GANGES SECURITIES LIMITED,154.41
NSE_EQ|INE075B01020,19440,SICALLOG,SICAL LOGISTICS LIMITED,154.55
NSE_EQ|INE095N01031,31415,NBCC,NBCC (INDIA) LIMITED,155.19
NSE_EQ|INE937A01023,3321,SPMLINFRA,SPML INFRA LIMITED,155.33
NSE_EQ|INE486R01017,22846,GPTHEALTH,GPT HEALTHCARE LIMITED,155.34
NSE_EQ|INE486Y01013,16908,TOUCHWOOD,TOUCHWOOD ENTERTAIN LTD.,155.39
NSE_EQ|INE529I01021,13870,KUANTUM,KUANTUM PAPERS LIMITED,155.68
NSE_EQ|INE112F01022,6407,LAMBODHARA,LAMBODHARA TEXTILES LTD.,157.12
NSE_EQ|INE107F01022,14063,WANBURY,WANBURY LIMITED,157.38
NSE_EQ|INE577A01027,2307,MUNJALSHOW,MUNJAL SHOWA LTD,157.92
NSE_EQ|INE750C01026,10579,MARKSANS,MARKSANS PHARMA LIMITED,158.62
NSE_EQ|INE865C01022,15239,BIRLAMONEY,ADITYA BIRLA MONEY LTD,159.48
NSE_EQ|INE388A01029,5614,GANESHBE,GANESH BENZOPLAST LIMITED,160.34
NSE_EQ|INE010A01011,2739,PRSMJOHNSN,PRISM JOHNSON LIMITED,160.43
NSE_EQ|INE00CA01015,7605,TREJHARA,TREJHARA SOLUTIONS LTD,160.8
NSE_EQ|INE314T01025,14480,GOKULAGRO,GOKUL AGRO RESOURCES LTD,160.95
NSE_EQ|INE037A01022,11293,UNIENTER,UNIPHOS ENTERPRISES LTD,162.24
NSE_EQ|INE215F01023,20481,WIPL,THE WESTERN INDIA PLY LTD,162.3
NSE_EQ|INE0MIS01010,18250,PYRAMID,PYRAMID TECHNOPLAST LTD,162.86
NSE_EQ|INE354C01027,13400,BHAGERIA,BHAGERIA INDUSTRIES LTD,162.93
NSE_EQ|INE256A01028,3812,ZEEL,ZEE ENTERTAINMENT ENT LTD,165.05
NSE_EQ|INE304A01026,11325,MUKANDLTD,MUKAND LTD.,165.17
NSE_EQ|INE803D01021,8614,INDOBORAX,INDO BORAX & CHEMICAL LTD,165.59
NSE_EQ|INE855B01025,15337,RAIN,RAIN INDUSTRIES LIMITED,166
NSE_EQ|INE388Y01029,6545,NYKAA,FSN E COMMERCE VENTURES,167.03
NSE_EQ|INE027A01015,2866,RCF,RASHTRIYA CHEMICALS & FER,167.6
NSE_EQ|INE220Q01020,20878,MUFTI,CREDO BRANDS MARKETING L,167.97
NSE_EQ|INE775A01035,4204,MOTHERSON,SAMVRDHNA MTHRSN INTL LTD,168.76
NSE_EQ|INE242A01010,1624,IOC,INDIAN OIL CORP LTD,168.95
NSE_EQ|INE139B01016,3570,UCAL,UCAL LIMITED,169.1
NSE_EQ|INE050401020,13423,ELIN,ELIN ELECTRONICS LIMITED,169.3
NSE_EQ|INE869I01013,21195,GTPL,GTPL HATHWAY LIMITED,169.36
NSE_EQ|INE086A01029,928,ELECTCAST,ELECTROSTEEL CASTINGS LTD,169.59
NSE_EQ|INE886A01014,19525,IITL,INDUSTRIAL INV TRUST LTD,169.71
NSE_EQ|INE809A01024,10568,RAMAPHO,RAMA PHOSPHATES LIMITED,170.19
NSE_EQ|INE192H01020,10871,GRMOVER,GRM OVERSEAS LIMITED,170.38
NSE_EQ|INE103C01036,2320,SMCGLOBAL,SMC GLOBAL SECURITIES LTD,170.78
NSE_EQ|INE681C01015,9505,KEYFINSERV,KEYNOTE FIN SERV LTD.,171.1
NSE_EQ|INE988S01028,22649,PARKHOTELS,PARKHOTELS,171.59
NSE_EQ|INE148I01020,30125,IBULHSGFIN,INDIABULLS HSG FIN LTD,171.9
NSE_EQ|INE123C01018,8961,TAINWALCHM,TAINWALA CHEMICAL AND PLA,171.97
NSE_EQ|INE171A01029,1023,FEDERALBNK,FEDERAL BANK LTD,172.26
NSE_EQ|INE603A01013,2708,PRAKASH,PRAKASH INDUSTRIES LTD,173.71
NSE_EQ|INE385W01011,21704,DCAL,DISHMAN CARBO AMCIS LTD,173.73
NSE_EQ|INE247M01014,27107,SPECIALITY,SPECIALITY REST LTD,173.73
NSE_EQ|INE239D01028,24231,OMINFRAL,OM INFRA LIMITED,174.44
NSE_EQ|INE0FRK01012,20788,MOTISONS,MOTISONS JEWELLERS LTD,174.62
NSE_EQ|INE843B01013,5239,MAHAPEXLTD,MAHA RASHTRA APEX COPR. L,174.7
NSE_EQ|INE215D01010,17603,MAHEPC,MAHINDRA EPC IRRIG LTD,174.8
NSE_EQ|INE395N01027,18151,TVSSCS,TVS SUPPLY CHAIN SOL L,174.92
NSE_EQ|INE053F01010,2029,IRFC,INDIAN RAILWAY FIN CORP L,175.13
NSE_EQ|INE643A01035,3237,JTEKTINDIA,JTEKT INDIA LIMITED,175.19
NSE_EQ|INE498L01015,24948,LTF,L&T FINANCE LIMITED,175.87
NSE_EQ|INE508K01013,15157,RHL,ROBUST HOTELS LIMITED,176.21
NSE_EQ|INE0R6Z01013,23402,SRM,SRM CONTRACTORS LIMITED,177.64
NSE_EQ|INE022Q01020,220,IEX,INDIAN ENERGY EXC LTD,178.25
NSE_EQ|INE032A01023,513,BOMDYEING,BOMBAY DYEING & MFG. CO L,178.37
NSE_EQ|INE932A01024,20621,PENIND,PENNAR INDUSTRIES LTD,178.48
NSE_EQ|INE677H01012,18244,DEEPENR,DEEP ENE RESOURCES LTD,179.76
NSE_EQ|INE872J01023,5373,DEVYANI,DEVYANI INTERNATIONAL LTD,179.98
NSE_EQ|INE202E01016,20261,IREDA,INDIAN RENEWABLE ENERGY,180.06
NSE_EQ|INE479D01038,6417,KRITI,KRITI INDUSTRIES IND LTD,180.41
NSE_EQ|INE438K01021,18755,KALAMANDIR,SAI SILKS (KALAMANDIR) L,180.57
NSE_EQ|INE784W01015,13753,MANOMAY,MANOMAY TEX INDIA LTD,180.88
NSE_EQ|INE0IQ001011,8890,VERANDA,VERANDA LEARNING SOL LTD,181.09
NSE_EQ|INE025R01021,16913,ARTEMISMED,ARTEMIS MED SERVICE LTD,181.79
NSE_EQ|INE305A01015,3466,TFCILTD,TOURISM FINANCE CORP. OF,182.14
NSE_EQ|INE081A01020,3499,TATASTEEL,TATA STEEL LIMITED,182.56
NSE_EQ|INE883N01014,17130,PARAGMILK,PARAG MILK FOODS LTD.,182.64
NSE_EQ|INE705C01020,804,SHIVATEX,SHIVA TEXYARN LIMITED,183.75
NSE_EQ|INE611A01016,2794,RSWM,RSWM LIMITED,184.04
NSE_EQ|INE758T01015,5097,ZOMATO,ZOMATO LIMITED,184.94
NSE_EQ|INE165B01029,8426,RSSOFTWARE,R. S. SOFTWARE (INDIA) LI,185.12
NSE_EQ|INE08U801020,18614,SAMHI,SAMHI HOTELS LIMITED,186.39
NSE_EQ|INE139A01034,6364,NATIONALUM,NATIONAL ALUMINIUM CO LTD,186.56
NSE_EQ|INE522D01027,19061,MANAPPURAM,MANAPPURAM FINANCE LTD,186.77
NSE_EQ|INE345A01011,1403,HINDOILEXP,HINDUSTAN OIL EXPLORATION,188.2
NSE_EQ|INE134B01017,18220,KECL,KIRLOSKAR ELECTRIC CO LTD,188.37
NSE_EQ|INE231G01010,31475,ORBTEXP,ORBIT EXPORTS LIMITED,188.94
NSE_EQ|INE594B01012,559,BSL,BSL LTD,189.03
NSE_EQ|INE726L01019,24395,DELPHIFX,DELPHI WORLD MONEY LTD,190.34
NSE_EQ|INE006Z01016,2820,ARVEE,ARVEE LABORATORIES I LTD,191.45
NSE_EQ|INE0AE001013,18341,VPRPL,VISHNU PRAKASH R PUNGLI L,191.72
NSE_EQ|INE255A01020,981,EPL,EPL LIMITED,192.99
NSE_EQ|INE0EK901012,1581,TARC,TARC LIMITED,192.99
NSE_EQ|INE839G01010,16927,JOCIL,JOCIL LIMITED,193.43
NSE_EQ|INE598C01011,19322,HISARMETAL,HISAR METAL IND. LIMITED,194.16
NSE_EQ|INE545U01014,2263,BANDHANBNK,BANDHAN BANK LIMITED,194.23
NSE_EQ|INE840M01016,29050,ZUARI,ZUARI AGRO CHEMICALS LTD,194.23
NSE_EQ|INE364Z01019,1480,REPL,RUDRABHISHEK ENTERP LTD,195.09
NSE_EQ|INE043C01018,1681,IVP,IVP LTD,195.75
NSE_EQ|INE484I01029,12603,PRECAM,PRECISION CAMSHAFTS LTD.,196.04
NSE_EQ|INE449G01018,11072,AGRITECH,AGRI-TECH (INDIA) LIMITED,196.4
NSE_EQ|INE416A01044,23367,SABTNL,SRI ADHIKARI BRO TELE N L,198.93
NSE_EQ|INE071F01012,20453,APCL,ANJANI PORTLAND CEM LTD,199.14
NSE_EQ|INE032Z01020,809,BSHSL,BOMBAY SUPER HYBRID SEEDS,199.4
NSE_EQ|INE0AJG01018,701,HEMIPROP,HEMISPHERE PROP IND LTD,199.66
NSE_EQ|INE712K01011,10588,SHREEPUSHK,SHRE PUSH CHEM & FERT LTD,200.31
NSE_EQ|INE291W01029,1417,GLOBAL,GLOBAL EDUCATION LIMITED,200.54
NSE_EQ|INE517F01014,19731,GPPL,GUJARAT PIPAVAV PORT LTD,200.72
NSE_EQ|INE500L01026,11212,SHK,S H KELKAR AND CO. LTD.,201.29
NSE_EQ|INE087A01019,1859,KESORAMIND,KESORAM INDUSTRIES LTD,201.45
NSE_EQ|INE879I01012,18124,DBREALTY,VALOR ESTATE LIMITED,201.69
NSE_EQ|INE0PT501018,22930,PLATIND,PLATINUM INDUSTRIES LTD,201.91
NSE_EQ|INE095I01015,15209,PPAP,PPAP AUTOMOTIVE LIMITED,201.98
NSE_EQ|INE448G01010,11065,NATHBIOGEN,NATH BIO-GENES (I) LTD,202.1
NSE_EQ|INE544A01019,1313,HARRMALAYA,HARRISON MALAYALAM LTD,202.11
NSE_EQ|INE08KP01019,11039,DCMNVL,DCM NOUVELLE LIMITED,202.27
NSE_EQ|INE172A01027,1250,CASTROLIND,CASTROL INDIA LIMITED,202.5
NSE_EQ|INE036A01016,553,RELINFRA,RELIANCE INFRASTRUCTU LTD,203.15
NSE_EQ|INE562X01013,18979,UNIVASTU,UNIVASTU INDIA LIMITED,203.49
NSE_EQ|INE949H01023,18226,MANINFRA,MAN INFRA LTD,203.74
NSE_EQ|INE0BTI01037,13814,KAMOPAINTS,KAMDHENU VENTURES LIMITED,204.22
NSE_EQ|INE684F01012,14304,FSL,FIRSTSOURCE SOLU. LTD.,204.27
NSE_EQ|INE428Q01011,2970,SURYODAY,SURYODAY SMALL FIN BK LTD,204.76
NSE_EQ|INE717W01049,20303,GANDHAR,GANDHAR OIL REFINE IND L,205.46
NSE_EQ|INE032B01021,11864,PRIMESECU,PRIME SECURITIES LIMITED,205.5
NSE_EQ|INE036D01028,1838,KARURVYSYA,KARUR VYSYA BANK LTD,206.83
NSE_EQ|INE341R01014,6227,DTIL,DHUNSERI TEA & IND. LTD.,208.27
NSE_EQ|INE017W01010,6843,SMLT,SARTHAK METALS LIMITED,208.44
NSE_EQ|INE602G01020,28899,KITEX,KITEX GARMENTS LTD,208.74
NSE_EQ|INE812G01025,14329,SMSPHARMA,SMS PHARMACEUTICALS LTD.,209.04
NSE_EQ|INE308A01027,14445,NAHARPOLY,NAHAR POLY FILMS LIMITED,209.22
NSE_EQ|INE255D01024,6286,GULPOLY,GULSHAN POLYOLS LIMITED,209.54
NSE_EQ|INE947A01014,3348,SUNFLAG,SUNFLAG IRON AND STEEL CO,210.02
NSE_EQ|INE621L01012,21828,TEXRAIL,TEXMACO RAIL & ENG. LTD.,210.13
NSE_EQ|INE877F01012,11355,PTC,PTC INDIA LIMITED,210.76
NSE_EQ|INE850E01012,7902,LFIC,LAKSHMI FIN IND CORP LTD,211.23
NSE_EQ|INE112D01035,7886,MHLXMIRU,MAHALAXMI RUBTECH LIMITED,211.4
NSE_EQ|INE0JSX01015,14599,GSLSU,GLOBAL SURFACES LIMITED,213.42
NSE_EQ|INE802C01033,11829,SSWL,STEEL STRIPS WHEELS LTD.,213.85
NSE_EQ|INE180C01042,20329,CGCL,CAPRI GLOBAL CAPITAL LTD,214.04
NSE_EQ|INE0G5901015,22463,EPACK,EPACK DURABLE LIMITED,214.11
NSE_EQ|INE301D01026,2939,RUBYMILLS,THE RUBY MILLS LTD,214.25
NSE_EQ|INE864K01010,6501,IRIS,IRIS BUSINESS SERV LTD,216.24
NSE_EQ|INE09KD01013,15411,ATAM,ATAM VALVES LIMITED,216.31
NSE_EQ|INE332A01027,3481,THOMASCOOK,THOMAS COOK (INDIA) LTD,216.33
NSE_EQ|INE712B01010,20616,SUPERHOUSE,SUPERHOUSE LIMITED,216.81
NSE_EQ|INE00CE01017,15121,SVLL,SHREE VASU LOGISTICS LTD,216.95
NSE_EQ|INE419D01026,3482,CLSEL,CHAMAN LAL SETIA EXP LTD,217.13
NSE_EQ|INE103A01014,2283,MRPL,MRPL,217.31
NSE_EQ|INE792H01019,13739,GLOBALVECT,GLOBAL VEC HELICORP LTD,217.81
NSE_EQ|INE068L01024,20160,CANTABIL,CANTABIL RETAIL LTD,217.98
NSE_EQ|INE120D01012,15161,HITECHCORP,HITECH CORPORATION LTD,218.53
NSE_EQ|INE083B01024,14485,THEMISMED,THEMIS MEDICARE LTD.,218.7
NSE_EQ|INE383A01012,1515,INDIACEM,THE INDIA CEMENTS LIMITED,218.73
NSE_EQ|INE711A01022,3736,WALCHANNAG,WALCHANDNAGAR INDUSTRIES,219.08
NSE_EQ|INE460H01021,21091,STARCEMENT,STAR CEMENT LIMITED,219.14
NSE_EQ|INE621H01010,15068,RELIGARE,RELIGARE ENTER. LTD.,219.18
NSE_EQ|INE614B01018,8054,KTKBANK,KARNATAKA BANK LIMITED,219.23
NSE_EQ|INE578A01017,2316,HEIDELBERG,HEIDELBERGCEMENT (I) LTD,219.71
NSE_EQ|INE129A01019,4717,GAIL,GAIL (INDIA) LTD,219.83
NSE_EQ|INE489L01022,13072,IIFLSEC,IIFL SECURITIES LIMITED,219.93
NSE_EQ|INE265F01028,13192,ENIL,ENTERTAIN NET. IND. LTD.,221.1
NSE_EQ|INE891D01026,14255,REDINGTON,REDINGTON LIMITED,222.06
NSE_EQ|INE391J01024,7287,JTLIND,JTL INDUSTRIES LIMITED,222.22
NSE_EQ|INE750D01016,9652,RELCHEMQ,RELIANCE CHEMOTEX IND LTD,222.3
NSE_EQ|INE442H01029,20182,ASHOKA,ASHOKA BUILDCON LTD,222.56
NSE_EQ|INE026A01025,1247,GSFC,GUJ STATE FERT & CHEM LTD,223.99
NSE_EQ|INE275D01022,19867,AMNPLST,AMINES & PLASTICIZERS LTD,224.72
NSE_EQ|INE04LG01015,5631,PAR,PAR DRUGS AND CHEM LTD,224.98
NSE_EQ|INE01C001018,17164,AARTECH,AARTECH SOLONICS LIMITED,225.17
NSE_EQ|INE162A01010,1145,GIPCL,GUJ IND POW CO. LTD,225.18
NSE_EQ|INE843D01027,7325,DCMSRIND,DCM SHRIRAM IND LTD,228.25
NSE_EQ|INE967C01018,1826,KAMATHOTEL,KAMAT HOTELS (I) LTD,228.43
NSE_EQ|INE869Y01010,3275,TEMBO,TEMBO GLOBAL IND LTD,228.61
NSE_EQ|INE982B01027,19761,ADFFOODS,ADF FOODS LIMITED,228.9
NSE_EQ|INE807K01035,20698,SCHAND,S CHAND AND COMPANY LTD,229.21
NSE_EQ|INE437B01014,1811,KAKATCEM,KAKATIYA CEM SUGAR &IND L,229.34
NSE_EQ|INE900L01010,12686,MBAPL,MADHYA BHARAT AGRO P. LTD,229.85
NSE_EQ|INE038F01029,11275,TVTODAY,TV TODAY NETWORK LTD,230.11
NSE_EQ|INE772T01024,23142,PVSL,POPULAR VEHICLES N SER L,230.31
NSE_EQ|INE309M01012,3908,PREMIERPOL,PREMIER POLYFILM LTD,230.42
NSE_EQ|INE046W01019,20831,MUTHOOTMF,MUTHOOT MICROFIN LIMITED,231.12
NSE_EQ|INE346W01013,21623,APEX,APEX FROZEN FOODS LIMITED,231.89
NSE_EQ|INE992I01013,9314,STARTECK,STARTECK FINANCE LIMITED,232
NSE_EQ|INE589A01014,8585,NLCINDIA,NLC INDIA LIMITED,232.49
NSE_EQ|INE733A01018,3291,STARPAPER,STAR PAPER MILLS LTD,232.71
NSE_EQ|INE377E01016,6006,COASTCORP,COASTAL CORPORATION LTD,232.72
NSE_EQ|INE836B01017,10453,SATIN,SATIN CREDIT NET LTD,233.49
NSE_EQ|INE805C01028,1841,KCP,KCP LTD,233.81
NSE_EQ|INE961D01019,201,UNIDT,UNITED DRILLING TOOLS LTD,234.06
NSE_EQ|INF0QA701722,21959,NIFTYBETF,BFAM - NIFTYBETF,234.35
NSE_EQ|INE232I01014,14788,SPARC,SUN PHARMA ADV.RES.CO.LTD,234.4
NSE_EQ|INE266F01018,10755,APTECHT,APTECH LIMITED,234.9
NSE_EQ|INF959L01HI3,18668,NAVINIFTY,NAVIAMC - NAVINIFTY,235.14
NSE_EQ|INE412U01025,18431,BIGBLOC,BIGBLOC CONSTRUCTION LTD,235.31
NSE_EQ|INE0KNT01012,19015,MVGJL,MANOJ VAIBHAV GEM N JEW L,235.7
NSE_EQ|INE0D6701023,4934,IPL,INDIA PESTICIDES LIMITED,236.57
NSE_EQ|INE0A1101019,11568,DCI,DC INFOTECH AND COMUN LTD,236.76
NSE_EQ|INE208A01029,212,ASHOKLEY,ASHOK LEYLAND LTD,236.79
NSE_EQ|INE876N01018,30089,ORIENTCEM,ORIENT CEMENT LTD.,236.99
NSE_EQ|INE385C01021,17758,SARDAEN,SARDA ENERGY & MIN LTD,237.06
NSE_EQ|INE09EO04017,12121,AARTISURF,AARTI SURFACTANTS LIMITED,237.5
NSE_EQ|INE0MB501011,23056,JGCHEM,J.G.CHEMICALS LIMITED,237.74
NSE_EQ|INE155G01029,11427,NDTV,NDTV LTD,238.03
NSE_EQ|INE674K01013,21614,ABCAPITAL,ADITYA BIRLA CAPITAL LTD.,239.08
NSE_EQ|INE289B01019,1139,GICHSGFIN,GIC HOUSING FINANCE LTD,239.39
NSE_EQ|INE02YR01019,11530,EMIL,ELECTRONICS MART IND LTD,239.44
NSE_EQ|INE480M01011,31021,THOMASCOTT,THOMAS SCOTT (INDIA) LTD,241.65
NSE_EQ|INE470Y01017,399,NIACL,THE NEW INDIA ASSU CO LTD,241.77
NSE_EQ|INE01EE01011,12153,BBTCL,B&B TRIPLEWALL CONT LTD,243.18
NSE_EQ|INE298I01015,15204,ARIES,ARIES AGRO LTD.,243.54
NSE_EQ|INE142Z01019,2972,ORIENTELEC,ORIENT ELECTRIC LIMITED,244.81
NSE_EQ|INE491V01019,8097,CROWN,CROWN LIFTERS LIMITED,245.09
NSE_EQ|INE439T01012,3251,NITIRAJ,NITIRAJ ENGINEERS LTD,245.68
NSE_EQ|INE732C01016,14490,NCLIND,NCL INDUSTRIES LIMITED,246.68
NSE_EQ|INE826C01016,14677,GUJAPOLLO,GUJ. APOLLO IND. LTD.,248.25
NSE_EQ|INE602A01031,2649,PCBL,PCBL LIMITED,248.47
NSE_EQ|INE03YM01018,270,CHEMCON,CHEMCON SPECIAL CHEM LTD,249.47
NSE_EQ|INE041A01016,857,DHAMPURSUG,DHAMPUR SUGAR MILLS LTD.,249.8
NSE_EQ|INE681B01017,4751,INDRAMEDCO,INDRAPRASTHA MEDICAL CORP,250.31
NSE_EQ|INE411D01015,4732,SKMEGGPROD,SKM EGG PROD EXPORT(I) LT,250.39
NSE_EQ|INE614A01028,4587,RAMCOIND,RAMCO INDUSTRIES LIMITED,250.65
NSE_EQ|INE792I01017,15271,CORDSCABLE,CORDS CABLE INDUS LTD.,251.18
NSE_EQ|INE390G01014,17689,GPTINFRA,GPT INFRAPROJECTS LTD,252.09
NSE_EQ|INF194KA1U07,18783,IDFNIFTYET,BANDHANAMC - IDFNIFTYET,252.84
NSE_EQ|INE229C01021,14068,SAGCEM,SAGAR CEMENTS LIMITED,252.89
NSE_EQ|INE806C01018,11624,TIL,TIL LTD,253.6
NSE_EQ|INE510A01028,4907,ENGINERSIN,ENGINEERS INDIA LTD,253.81
NSE_EQ|INE800A01015,477,BIRLACABLE,BIRLA CABLE LIMITED,254.27
NSE_EQ|INE231C01019,3126,SHREYANIND,SHREYANS INDUSTRIES LTD,254.82
NSE_EQ|INE896L01010,3088,INDOSTAR,INDOSTAR CAPITAL FIN LTD,254.91
NSE_EQ|INE576O01020,2841,LXCHEM,LAXMI ORGANIC INDUS LTD,255.01
NSE_EQ|INE844K01012,20196,BEDMUTHA,BEDMUTHA INDUST LTD,255.25
NSE_EQ|INE818H01020,13816,LTFOODS,LT FOODS LIMITED,256.9
NSE_EQ|INE00OQ01016,13001,DHARMAJ,DHARMAJ CROP GUARD LTD,257
NSE_EQ|INE00EM01016,8153,MEGASTAR,MEGASTAR FOODS LIMITED,257.02
NSE_EQ|INE414D01027,6164,BHAGCHEM,BHAGIRADHA CHEM & INDS L,258.13
NSE_EQ|INF109K012R6,29553,NIFTYIETF,ICICI PRUD NIFTY ETF,258.57
NSE_EQ|INE082A01010,1919,KOPRAN,KOPRAN LTD,259.82
NSE_EQ|INE976G01028,18391,RBLBANK,RBL BANK LIMITED,259.83
NSE_EQ|INE709A01018,3715,VLSFINANCE,VLS FINANCE LTD,260.6
NSE_EQ|INE109A01011,3048,SCI,SHIPPING CORP OF INDIA LT,261.56
NSE_EQ|INE933K01021,19531,BAJAJCON,BAJAJ CONSUMER CARE LTD,262.22
NSE_EQ|INE061A01014,4422,INDIANCARD,INDIAN CARD CLOTHING CO.,262.9
NSE_EQ|INE676A01027,3435,BBOX,BLACK BOX LIMITED,262.98
NSE_EQ|INE0QTF01015,22731,VSTL,VIBHOR STEEL TUBES LTD,263.87
NSE_EQ|INE164A01016,338,BALMLAWRIE,BALMER LAWRIE & CO LTD,265.15
NSE_EQ|INE584A01023,15332,NMDC,NMDC LTD.,265.35
NSE_EQ|INE835B01035,17625,MOLDTECH,MOLD-TEK TECHNOLOGIES LTD,266.13
NSE_EQ|INE551D01018,17197,PAKKA,PAKKA LIMITED,266.19
NSE_EQ|INE0FDU25010,2203,BIRET,BROOKFIELD INDIA RET,266.9
NSE_EQ|INE107A01015,3980,TNPL,TAMILNADU NEWSPRT & PAPER,267.41
NSE_EQ|INE895B01021,25724,RUPA,RUPA & COMPANY LTD,267.58
NSE_EQ|INE962Y01021,4986,IRCON,IRCON INTERNATIONAL LTD,267.85
NSE_EQ|INE083C01022,13920,PLASTIBLEN,PLASTIBLENDS INDIA LTD,268.2
NSE_EQ|INE01EG01016,8944,RITCO,RITCO LOGISTICS LIMITED,268.25
NSE_EQ|INE0NQ801033,23043,RKSWAMY,R K SWAMY LIMITED,268.7
NSE_EQ|INE0NLT01010,22566,BLSE,BLS E-SERVICES LIMITED,268.81
NSE_EQ|INE256H01015,21314,DYNPRO,DYNEMIC PRODUCTS LIMITED,269.45
NSE_EQ|INE163A01018,2442,NOCIL,NOCIL LIMITED,269.85
NSE_EQ|INE542B01011,20178,AKSHARCHEM,AKSHARCHEM INDIA LIMITED,269.9
NSE_EQ|INE902B01017,8733,S&SPOWER,S&S POWER SWITCHGEARS,269.95
NSE_EQ|INE290A01027,14440,NAHARSPING,NAHAR SPINNING MILLS LTD.,270.2
NSE_EQ|INE721Z01010,1030,AARON,AARON INDUSTRIES LIMITED,270.65
NSE_EQ|INE785A01026,4041,JAYAGROGN,JAYANT AGRO ORGANICS LTD,270.7
NSE_EQ|INE350C01017,21469,OPTIEMUS,OPTIEMUS INFRACOM LTD,272.65
NSE_EQ|INE991I01015,17270,ASPINWALL,ASPINWALL & CO LTD,273
NSE_EQ|INE316L01019,16123,BHARATWIRE,BHARAT WIRE ROPES LTD.,275.1
NSE_EQ|INE133E01013,19196,TI,TILAKNAGAR INDUSTRIES LTD,275.97
NSE_EQ|INE583D01011,5313,UGROCAP,UGRO CAPITAL LIMITED,276.2
NSE_EQ|INE213A01029,2475,ONGC,OIL AND NATURAL GAS CORP.,276.55
NSE_EQ|INE511Y01018,16395,MMP,MMP INDUSTRIES LIMITED,276.75
NSE_EQ|INE0KQN01018,20531,BAJEL,BAJEL PROJECTS LIMITED,278.05
NSE_EQ|INE031A01017,20825,HUDCO,HSG & URBAN DEV CORPN LTD,279
NSE_EQ|INE461C01038,3987,GREENPLY,GREENPLY INDUSTRIES LTD,279.05
NSE_EQ|INE202Z01029,2183,SUNDARMHLD,SUNDARAM FINANCE HOLD LTD,279.15
NSE_EQ|INE099F01013,31837,SREEL,SREELEATHERS LIMITED,280
NSE_EQ|INE0LOJ01019,16822,IKIO,IKIO LIGHTING LIMITED,280.5
NSE_EQ|INE597J01018,714,SHALBY,SHALBY LIMITED,280.6
NSE_EQ|INE506W01012,12847,KRISHANA,KRISHANA PHOSCHEM LIMITED,281.15
NSE_EQ|INE0DSF01015,2350,NURECA,NURECA LIMITED,281.2
NSE_EQ|INE276G01015,7030,ASIANENE,ASIAN ENERGY SERVICES LTD,281.75
NSE_EQ|INE02NC01014,6579,FINOPB,FINO PAYMENTS BANK LTD,282.4
NSE_EQ|INE028A01039,4668,BANKBARODA,BANK OF BARODA,282.7
NSE_EQ|INE531A01024,1196,KANSAINER,KANSAI NEROLAC PAINTS LTD,283.2
NSE_EQ|INE278Y01022,9362,CAMPUS,CAMPUS ACTIVEWEAR LIMITED,284.25
NSE_EQ|INE001B01026,10577,KRBL,KRBL LIMITED,286.7
NSE_EQ|INE178C01020,9893,SMARTLINK,SMARTLINK HOLDINGS LTD,286.95
NSE_EQ|INE343B01030,7401,RAJESHEXPO,RAJESH EXPORTS LTD,287.25
NSE_EQ|INE0N7W01012,15067,BLAL,BEML LAND ASSETS LIMITED,287.6
NSE_EQ|INE0CG601016,22428,MAXIND,MAX INDIA LIMITED,289.6
NSE_EQ|INE880J01026,19020,JSWINFRA,JSW INFRASTRUCTURE LTD,290.45
NSE_EQ|INE667G01023,11794,SAKSOFT,SAKSOFT LIMITED,291.57
NSE_EQ|INE774D01024,13285,M&MFIN,M&M FIN. SERVICES LTD,293.3
NSE_EQ|INE050M01012,27067,VSSL,VARDHMAN SPC STEEL LTD,293.45
NSE_EQ|INE049I01012,15360,NAHARCAP,NAHAR CAP & FIN.,295.4
NSE_EQ|INE00Y201027,20372,FLAIR,FLAIR WRITING INDUST LTD,296.65
NSE_EQ|INE338A01024,3496,TIRUMALCHM,THIRUMALAI CHEMICALS LTD,296.95
NSE_EQ|INE337M01013,25608,INDOTHAI,INDO THAI SEC LTD,297.95
NSE_EQ|INE07K301024,18608,ZAGGLE,ZAGGLE PREPA OCEAN SER L,298.3
NSE_EQ|INE851I01011,19113,UDS,UPDATER SERVICES LIMITED,298.5
NSE_EQ|INE0FHS01024,3292,DEEPINDS,DEEP INDUSTRIES LIMITED,300.65
NSE_EQ|INE263A01024,383,BEL,BHARAT ELECTRONICS LTD,300.9
